"AUC","MAE","RMSE","TSS","COR","JAC","DIS","SOR"
0.75744758939764,0.244485294117647,0.494454542013366,0.514895178795279,0.329396107757773,0.225242718446602,0.774757281553398,0.367670364500792
